Planet Name,Planet Radius (Earth),Planet Mass (Earth),Orbital Distance (AU),Star Temperature (K),Habitability Label
1RXS J160929.1-210524 b,18.647,2543.0,330.0,4060.0,0
2MASS J02192210-3925225 b,16.14096,4417.837,156.0,3064.0,0
55 Cnc e,1.91,8.08,0.01544,5250.0,0
55 Cnc e,1.92,8.08,0.01544,5250.0,0
55 Cnc e,2.173,8.37,0.01583,5250.0,0
55 Cnc e,2.08,7.81,0.01544,5234.0,0
55 Cnc e,1.875,7.99,0.01544,5172.0,0
AU Mic b,4.203375,57.2094,0.066,3700.0,0
AU Mic b,4.07,17.0,0.0645,3700.0,0
AU Mic c,3.24,13.6,0.1101,3700.0,0
BD+20 594 b,2.23,16.3,0.241,5766.0,0
BD+60 1417 b,14.68376472,4767.426105,1662.0,4993.0,0
BD-14 3065 b,21.59,3932.0,0.0656,6935.0,0
CFHTWIR-Oph 98 b,20.8487041,2479.0615746,200.0,2320.0,0
COCONUTS-2 b,12.44196858,2002.3189641,7506.0,3406.0,0
CoRoT-1 b,19.223435,390.9309,0.02752,6298.0,0
CoRoT-1 b,15.91678,340.0781,0.0259,5950.0,0
CoRoT-1 b,17.385159,327.3649,0.02536,5950.0,0
CoRoT-1 b,16.58932,359.1479,0.0261,5950.0,0
CoRoT-10 b,10.87273,867.6759,0.1055,5075.0,0
CoRoT-10 b,10.87,874.0,0.1055,5075.0,0
CoRoT-10 b,10.547669,883.5674,0.106,5075.0,0
CoRoT-11 b,16.02887,832.7146,0.04407,6440.0,0
CoRoT-11 b,15.984034,743.7222,0.044,6440.0,0
CoRoT-11 b,16.03,740.51,0.0436,6440.0,0
CoRoT-12 b,16.14096,290.81445,0.04013,5675.0,0
CoRoT-12 b,16.14,291.438,0.04016,5675.0,0
CoRoT-12 b,15.13215,281.91521,0.0394,5675.0,0
CoRoT-13 b,9.92,415.704,0.051,5945.0,0
CoRoT-13 b,14.033668,416.99296,0.051,5945.0,0
CoRoT-13 b,9.919965,423.03173,0.05107,5945.0,0
CoRoT-14 b,11.410762,2437.7561,0.02687,6035.0,0
CoRoT-14 b,12.22,2415.4,0.027,6035.0,0
CoRoT-14 b,12.21781,2358.2986,0.02691,6040.0,0
CoRoT-16 b,13.11,170.032,0.0618,5650.0,0
CoRoT-16 b,13.11453,168.13207,0.0618,5650.0,0
CoRoT-17 b,11.43318,765.9703,0.0481,5740.0,0
CoRoT-17 b,11.287463,781.8618,0.0481,5740.0,0
CoRoT-17 b,11.43,772.29,0.0461,5740.0,0
CoRoT-18 b,14.68379,1099.6918,0.0295,5440.0,0
CoRoT-18 b,14.68,1102.82,0.0295,5440.0,0
CoRoT-18 b,14.022459,1039.3041,0.0286,5440.0,0
CoRoT-19 b,14.46,352.78,0.0518,6090.0,0
CoRoT-19 b,14.45961,367.09365,0.05166,6090.0,0
CoRoT-19 b,13.33871,346.4347,0.0512,6090.0,0
CoRoT-2 b,16.47723,1150.5446,0.02854,5696.0,0
CoRoT-2 b,16.36514,1134.6531,0.02835,5598.0,0
CoRoT-2 b,16.432394,1048.839,0.0281,5625.0,0
CoRoT-2 b,16.432,1102.82,0.02798,5625.0,0
CoRoT-20 b,9.42,1347.54,0.0902,5880.0,0
CoRoT-20 b,9.41556,1344.4209,0.0901,5880.0,0
CoRoT-20 b,13.00244,1608.2198,0.0892,5880.0,0
CoRoT-21 b,14.5717,705.5826,0.0416,6200.0,0
CoRoT-21 b,14.5717,718.2958,0.0417,6200.0,0
CoRoT-22 b,4.88,12.2,0.092,5939.0,0
CoRoT-23 b,11.77,889.9,0.048,5900.0,0
CoRoT-23 b,11.76945,982.0947,0.0484,5900.0,0
CoRoT-23 b,13.22662,972.5598,0.04809,5900.0,0
CoRoT-24 b,3.7,5.7,0.056,4950.0,0
CoRoT-24 c,5.0,28.0,0.098,4950.0,0
CoRoT-25 b,12.11,85.81,0.0578,6040.0,0
CoRoT-25 b,12.10572,93.12419,0.05789,6040.0,0
CoRoT-26 b,14.12,165.26,0.0526,5590.0,0
CoRoT-26 b,14.12334,184.3414,0.0525,5590.0,0
CoRoT-27 b,11.287463,3273.649,0.0467,5900.0,0
CoRoT-27 b,11.287,3302.11,0.0476,5900.0,0
CoRoT-28 b,10.704595,152.87623,0.059,5150.0,0
CoRoT-28 b,10.704595,153.82972,0.0603,5150.0,0
CoRoT-29 b,10.0881,270.1555,0.0386,5260.0,0
CoRoT-29 b,10.0881,266.9772,0.039,5260.0,0
CoRoT-3 b,11.623733,6979.5468,0.05783,6740.0,0
CoRoT-3 b,11.32109,6814.2752,0.0574,6740.0,0
CoRoT-30 b,11.309881,921.707,0.0844,5650.0,0
CoRoT-31 b,16.36514,266.9772,0.0586,5700.0,0
CoRoT-32 b,6.38913,47.6745,0.071,5970.0,0
CoRoT-35 b,18.83108758,349.6112477,0.0429,6390.0,0
CoRoT-36 b,15.80466279,216.12331676,0.066,6730.0,0
CoRoT-4 b,13.34,228.83,0.09,6190.0,0
CoRoT-4 b,13.00244,232.33373,0.0912,6190.0,0
CoRoT-4 b,13.33871,223.43449,0.09025,6190.0,0
CoRoT-5 b,15.558092,151.92274,0.04963,6100.0,0
CoRoT-5 b,13.249038,149.3801,0.05004,6100.0,0
CoRoT-5 b,15.558,148.42,0.04947,6100.0,0
CoRoT-6 b,13.282665,940.7768,0.0855,6090.0,0
CoRoT-6 b,13.068,940.74,0.0855,6090.0,0
CoRoT-6 b,13.069694,937.5985,0.0854,6090.0,0
CoRoT-7 b,1.68,21.0,0.0172,5275.0,0
CoRoT-7 b,1.860694,6.99226,0.0169,5250.0,0
CoRoT-7 b,1.585,5.74,0.017016,5259.0,0
CoRoT-8 b,6.39,69.92,0.063,5080.0,0
CoRoT-8 b,6.38913,69.28694,0.06339,5080.0,0
CoRoT-8 b,7.980808,68.65128,0.0633,5080.0,0
CoRoT-9 b,11.77,266.97,0.407,5625.0,0
CoRoT-9 b,11.948794,268.88418,0.4029,5625.0,0
CoRoT-9 b,11.948794,266.9772,0.4021,5625.0,0
CoRoT-9 b,11.623733,262.52758,0.4027,5625.0,0
EPIC 201595106 b,1.565,7.67,0.0177,5679.0,0
EPIC 211945201 b,6.12,27.0,0.148,6025.0,0
EPIC 220674823 b,1.82,9.0,0.01312,5496.0,0
EPIC 220674823 b,1.676,7.8,0.01314,5578.0,0
EPIC 220674823 b,1.52,8.36,0.0116,5470.0,0
EPIC 220674823 b,1.725,8.21,0.01326,5532.0,0
EPIC 220674823 c,2.84,7.32,0.1073,5578.0,0
EPIC 220674823 c,2.5,5.8,0.105,5470.0,0
EPIC 220674823 c,2.77,5.7,0.1071,5496.0,0
EPIC 220674823 c,2.836,8.9,0.1083,5532.0,0
EPIC 229004835 b,2.332,10.4,0.1237,5868.0,0
EPIC 246851721 b,11.780659,953.49,0.07229,6202.0,0
EPIC 248847494 b,12.44199,4131.79,4.5,4898.0,0
EPIC 249893012 b,1.95,8.75,0.047,5430.0,0
EPIC 249893012 c,3.67,14.67,0.13,5430.0,0
EPIC 249893012 d,3.94,10.18,0.22,5430.0,0
G 9-40 b,2.025,11.7,0.0385,3348.0,0
G 9-40 b,1.9,4.0,0.0418,3395.0,0
GJ 1132 b,1.19151465,1.83704819,0.0157,3229.0,0
GJ 1132 b,1.13,1.66,0.0153,3270.0,0
GJ 1214 b,2.742,8.17,0.0149,3250.0,0
GJ 1214 b,2.847086,6.261251,0.01411,3026.0,0
GJ 1214 b,2.733,8.41,0.01505,3101.0,0
GJ 1252 b,1.193,2.09,0.00916,3458.0,0
GJ 1252 b,1.18,1.32,0.00915,3458.0,0
GJ 143 b,2.61,22.7,0.1915,4640.0,0
GJ 3090 b,2.13,3.34,0.03165,3556.0,0
GJ 3470 b,3.88,13.73,0.031,3652.0,0
GJ 3470 b,4.83,13.9,0.03557,3600.0,0
GJ 3470 b,4.57,13.9,0.0355,3600.0,0
GJ 3470 b,4.2,14.0,0.0348,3600.0,0
GJ 3473 b,1.264,1.86,0.01589,3347.0,0
GJ 357 b,1.217,1.84,0.035,3505.0,0
GJ 367 b,0.718,0.546,0.0071,3522.0,0
GJ 367 b,0.699,0.633,0.00709,3522.0,0
GJ 3929 b,1.15,1.21,0.02569,3369.0,0
GJ 3929 b,1.09,1.75,0.0252,3384.0,0
GJ 414 A b,2.63,7.6,0.2324,4120.0,0
GJ 414 A c,8.4,53.83,1.4,4120.0,0
GJ 436 b,4.2224,23.1688,0.02872,3350.0,0
GJ 436 b,4.1910451,23.138024,0.03109,3350.0,0
GJ 436 b,4.1,25.4,0.0308,3416.0,0
GJ 436 b,4.091285,23.424071,0.02887,3500.0,0
GJ 486 b,1.289,2.77,0.01714,3317.0,0
GJ 486 b,1.343,3.0,0.01713,3291.0,0
GJ 486 b,1.305,2.82,0.01734,3340.0,0
GJ 806 b,1.331,1.9,0.01406,3600.0,0
GJ 9827 b,1.577,4.91,0.0188,4340.0,0
GJ 9827 b,1.577,5.14,0.0188,4305.0,0
GJ 9827 b,1.44,4.28,0.0189,4236.0,0
GJ 9827 b,1.62,3.42,0.01888,4269.0,0
GJ 9827 b,1.58,3.69,0.0206,4219.0,0
GJ 9827 c,1.24,1.45,0.0429,4219.0,0
GJ 9827 c,1.13,1.86,0.0395,4236.0,0
GJ 9827 c,1.241,1.3,0.03925,4305.0,0
GJ 9827 c,1.269,2.42,0.03942,4269.0,0
GJ 9827 c,1.241,0.84,0.03925,4340.0,0
GJ 9827 d,2.022,3.53,0.0559,4305.0,0
GJ 9827 d,2.04,2.35,0.0611,4219.0,0
GJ 9827 d,2.022,4.04,0.05591,4340.0,0
GJ 9827 d,2.07,5.2,0.05615,4269.0,0
GJ 9827 d,1.89,3.02,0.0563,4236.0,0
GJ 9827 d,1.98,3.02,0.053,4236.0,0
GPX-1 b,16.47720163,6261.2196179,0.0338,7000.0,0
Gaia-1 b,13.77583728,533.95172376,0.04047,5470.0,0
Gaia-2 b,14.81827249,259.66580852,0.0467,5720.0,0
Gliese 12 b,0.9,10.0,0.067,3253.0,0
Gliese 12 b,0.958,3.87,0.0668,3296.0,0
HAT-P-1 b,14.784671,166.86075,0.05561,5980.0,0
HAT-P-1 b,15.24424,168.4499,0.0551,5975.0,0
HAT-P-1 b,14.784671,168.13207,0.05561,5980.0,0
HAT-P-1 b,13.921578,166.86075,0.0553,5980.0,0
HAT-P-1 b,13.641353,166.54292,0.05535,5975.0,0
HAT-P-1 b,13.921578,169.08556,0.0553,5975.0,0
HAT-P-11 b,4.449973,26.69772,0.05259,4780.0,0
HAT-P-11 b,4.73,25.743,0.053,4780.0,0
HAT-P-11 b,4.901,25.0,0.0532,4780.0,0
HAT-P-11 b,4.36,23.4,0.05254,4780.0,0
HAT-P-12 b,10.749,67.059,0.0384,4650.0,0
HAT-P-12 b,10.749431,66.235772,0.03838,4650.0,0
HAT-P-12 b,10.301071,63.88383,0.03767,4665.0,0
HAT-P-13 b,16.667783,287.95398,0.0431,5653.0,0
HAT-P-13 b,14.359,271.098,0.0427,5653.0,0
HAT-P-13 b,14.358729,280.64389,0.0427,5653.0,0
HAT-P-14 b,13.663771,721.79193,0.06108,6600.0,0
HAT-P-14 b,13.4508,724.6524,0.0596,6583.0,0
HAT-P-14 b,12.89,709.367,0.0606,6600.0,0
HAT-P-14 b,12.89035,731.96249,0.06062,6600.0,0
HAT-P-15 b,12.016048,619.45067,0.0965,5568.0,0
HAT-P-15 b,12.016,618.471,0.0964,5568.0,0
HAT-P-16 b,14.448401,1341.56043,0.04134,6158.0,0
HAT-P-16 b,14.448,1332.605,0.0413,6158.0,0
HAT-P-16 b,13.33871,1331.38987,0.0413,6158.0,0
HAT-P-17 b,11.32109,170.67471,0.0882,5246.0,0
HAT-P-17 b,11.321,169.71,0.0882,5246.0,0
HAT-P-18 b,11.153,62.61,0.0559,4803.0,0
HAT-P-18 b,10.614923,62.29468,0.0559,4870.0,0
HAT-P-18 b,11.152955,63.566,0.05596,4803.0,0
HAT-P-19 b,12.688588,90.26372,0.04664,4990.0,0
HAT-P-19 b,12.689,92.802,0.0466,4990.0,0
HAT-P-19 b,11.29865255,88.03846874,0.04599,4962.0,0
HAT-P-2 b,12.3,2828.6,0.068,6300.0,0
HAT-P-2 b,11.007238,2873.1832,0.0677,6290.0,0
HAT-P-2 b,12.969,2888.95,0.06878,6290.0,0
HAT-P-2 b,11.242627,2771.4776,0.0679,6290.0,0
HAT-P-2 b,12.968813,2765.121,0.0688,6290.0,0
HAT-P-2 b,13.33871,2777.8342,0.0674,6290.0,0
HAT-P-20 b,9.75,2320.1,0.036,4600.0,0
HAT-P-20 b,9.718203,2310.6241,0.03617,4595.0,0
HAT-P-20 b,11.489225,2294.7326,0.03593,4595.0,0
HAT-P-20 b,9.718,2302.899,0.0361,4595.0,0
HAT-P-21 b,11.478,1291.289,0.0494,5588.0,0
HAT-P-21 b,11.478016,1261.7851,0.0495,5588.0,0
HAT-P-22 b,12.10572,682.69884,0.0414,5302.0,0
HAT-P-22 b,12.10572,690.32676,0.04142,5302.0,0
HAT-P-22 b,11.88154,696.68336,0.04171,5314.0,0
HAT-P-22 b,12.106,682.352,0.0414,5302.0,0
HAT-P-23 b,15.333912,626.1251,0.0232,5905.0,0
HAT-P-23 b,15.334,664.237,0.0232,5905.0,0
HAT-P-23 b,13.72,658.0,0.02302,5885.0,0
HAT-P-24 b,13.921578,229.79109,0.04651,6373.0,0
HAT-P-24 b,13.922,217.704,0.0465,6373.0,0
HAT-P-24 b,14.751044,217.71355,0.0465,6373.0,0
HAT-P-25 b,13.33871,180.20961,0.04659,5500.0,0
HAT-P-25 b,12.722215,180.84527,0.0466,5519.0,0
HAT-P-25 b,13.339,180.202,0.0466,5500.0,0
HAT-P-26 b,6.333,18.751,0.0479,5079.0,0
HAT-P-27 b,11.43318,195.78328,0.03998,5190.0,0
HAT-P-27 b,11.6349,209.759,0.0403,5300.0,0
HAT-P-27 b,11.43,197.05,0.04,5316.0,0
HAT-P-28 b,13.585308,202.45771,0.04337,5680.0,0
HAT-P-28 b,13.585,198.953,0.0434,5680.0,0
HAT-P-29 b,12.408,247.261,0.0667,6087.0,0
HAT-P-29 b,11.926376,243.77561,0.0665,6115.0,0
HAT-P-29 b,12.408363,214.85308,0.06669,6087.0,0
HAT-P-3 b,10.614923,185.61272,0.03842,5185.0,0
HAT-P-3 b,10.076891,193.55847,0.03899,5185.0,0
HAT-P-3 b,9.97601,190.38017,0.03894,5185.0,0
HAT-P-3 b,9.27,187.83,0.03866,5185.0,0
HAT-P-3 b,10.211399,189.10885,0.03878,5190.0,0
HAT-P-3 b,10.076891,189.42668,0.03882,5185.0,0
HAT-P-30 b,15.02006,237.10118,0.0419,6304.0,0
HAT-P-30 b,15.02,225.968,0.0419,6304.0,0
HAT-P-31 b,11.99363,682.38101,0.061,6070.0,0
HAT-P-31 b,11.99,689.98,0.055,6065.0,0
HAT-P-32 b,22.19382,216.1244,0.03397,6001.0,0
HAT-P-32 b,20.052901,238.3725,0.03427,6207.0,0
HAT-P-32 b,20.053,273.322,0.0343,6207.0,0
HAT-P-33 b,18.898374,209.7678,0.04995,6446.0,0
HAT-P-33 b,18.898,242.176,0.0499,6446.0,0
HAT-P-34 b,13.417,1057.694,0.0677,6442.0,0
HAT-P-34 b,13.417173,1058.3739,0.06774,6442.0,0
HAT-P-35 b,14.930388,335.62848,0.04978,6096.0,0
HAT-P-35 b,14.93,334.979,0.0498,6096.0,0
HAT-P-36 b,14.168,582.24,0.0238,5560.0,0
HAT-P-36 b,14.313893,587.413406,0.0241,5620.0,0
HAT-P-36 b,15.210613,611.82275,0.02402,5560.0,0
HAT-P-36 b,14.616536,588.62116,0.02388,5620.0,0
HAT-P-36 b,14.168176,587.9855,0.02382,5560.0,0
HAT-P-37 b,13.204,371.528,0.0379,5500.0,0
HAT-P-37 b,13.204202,381.396,0.03793,5500.0,0
HAT-P-38 b,9.247425,84.86061,0.05231,5330.0,0
HAT-P-38 b,9.247,84.857,0.0523,5330.0,0
HAT-P-39 b,17.609,190.372,0.0509,6430.0,0
HAT-P-39 b,17.609339,180.84527,0.05095,6430.0,0
HAT-P-4 b,14.986433,216.1244,0.04465,5860.0,0
HAT-P-4 b,14.280266,206.90733,0.04449,5860.0,0
HAT-P-4 b,14.23543,216.1244,0.0446,5860.0,0
HAT-P-4 b,14.28,213.255,0.04438,5860.0,0
HAT-P-40 b,19.392,195.457,0.0608,6080.0,0
HAT-P-40 b,19.39157,184.65923,0.06076,6080.0,0
HAT-P-41 b,18.887165,252.67485,0.04258,6390.0,0
HAT-P-41 b,18.887,254.253,0.0426,6390.0,0
HAT-P-42 b,14.348,331.801,0.0575,5743.0,0
HAT-P-42 b,14.34752,279.6904,0.0575,5743.0,0
HAT-P-43 b,14.358729,232.0159,0.04445,5645.0,0
HAT-P-43 b,14.359,210.395,0.0443,5645.0,0
HAT-P-44 b,13.922,111.871,0.0507,5295.0,0
HAT-P-45 b,15.984,283.492,0.0452,6330.0,0
HAT-P-45 b,15.984034,273.3338,0.04521,6330.0,0
HAT-P-46 b,14.392,156.684,0.0577,6120.0,0
HAT-P-49 b,15.838317,562.5591,0.04378,6820.0,0
HAT-P-49 b,15.838,549.823,0.0438,6820.0,0
HAT-P-5 b,14.056086,324.1866,0.04073,5960.0,0
HAT-P-5 b,14.12,336.89,0.04075,5960.0,0
HAT-P-5 b,14.056086,336.8998,0.04071,5960.0,0
HAT-P-50 b,14.437192,429.0705,0.0453,6280.0,0
HAT-P-50 b,14.437192,431.93097,0.04527,6280.0,0
HAT-P-51 b,13.50682174,97.57332095,0.05042,5453.0,0
HAT-P-51 b,14.493237,98.84513,0.05067,5449.0,0
HAT-P-51 b,14.493237,98.20947,0.05069,5449.0,0
HAT-P-52 b,11.309881,259.98494,0.03694,5131.0,0
HAT-P-52 b,11.309881,259.66711,0.03696,5131.0,0
HAT-P-53 b,14.773462,469.43491,0.0316,5956.0,0
HAT-P-53 b,14.773462,471.65972,0.03159,5956.0,0
HAT-P-54 b,10.581296,578.4506,0.04122,4390.0,0
HAT-P-54 b,10.581296,241.5508,0.04117,4390.0,0
HAT-P-55 b,13.249038,184.3414,0.04604,5808.0,0
HAT-P-55 b,14.84069045,189.42573057,0.04628,5804.0,0
HAT-P-55 b,13.249038,184.97706,0.04604,5808.0,0
HAT-P-56 b,16.432394,692.8694,0.0423,6566.0,0
HAT-P-56 b,16.432394,603.877,0.04232,6566.0,0
HAT-P-57 b,15.838317,587.9855,0.0406,7500.0,0
HAT-P-58 b,14.93036229,118.2321674,0.04994,6078.0,0
HAT-P-59 b,12.58768533,489.45574678,0.05064,5678.0,0
HAT-P-6 b,14.90797,351.51998,0.05239,6570.0,0
HAT-P-6 b,14.908,335.932,0.05235,6570.0,0
HAT-P-6 b,15.636555,337.85329,0.05244,6570.0,0
HAT-P-6 b,14.90797,336.58197,0.05237,6570.0,0
HAT-P-60 b,18.28184752,182.43350562,0.06277,6212.0,0
HAT-P-61 b,10.07687365,335.9446262,0.0301,5587.0,0
HAT-P-62 b,12.02723629,241.86741773,0.03772,5629.0,0
HAT-P-63 b,12.5428494,195.1466419,0.04294,5400.0,0
HAT-P-64 b,19.08889413,184.34047606,0.05387,6457.0,0
HAT-P-65 b,18.05766791,176.07693748,0.04042,5872.0,0
HAT-P-65 b,21.18501,167.49641,0.03951,5835.0,0
HAT-P-66 b,17.82231,248.86089,0.04363,6002.0,0
HAT-P-67 b,23.370765,108.0622,0.06505,6406.0,0
HAT-P-68 b,12.016048,230.10892,0.02996,4508.0,0
HAT-P-69 b,18.786284,1137.8314,0.06555,7394.0,0
HAT-P-7 b,16.92559,574.00098,0.03813,6350.0,0
HAT-P-7 b,15.905571,566.05523,0.0355,6350.0,0
HAT-P-7 b,15.043,564.442,0.0377,6532.23,0
HAT-P-7 b,16.712619,534.59006,0.03676,6441.0,0
HAT-P-7 b,16.421185,571.77617,0.03805,6350.0,0
HAT-P-70 b,20.96083,2154.8874,0.04739,8450.0,0
HAT-P-8 b,16.8135,430.34182,0.04496,6200.0,0
HAT-P-8 b,16.81,483.08,0.0487,6200.0,0
HAT-P-9 b,15.69,247.9,0.053,6350.0,0
HAT-P-9 b,15.614137,238.05467,0.05287,6350.0,0
HAT-P-9 b,15.46842,247.27174,0.0529,6350.0,0
HAT-P-9 b,15.6926,241.86863,0.0529,6350.0,0
HATS-1 b,14.594,589.55,0.0444,5870.0,0
HATS-1 b,14.594118,556.2025,0.04446,5870.0,0
HATS-10 b,10.861521,185.93055,0.04493,5880.0,0
HATS-10 b,10.861521,167.17858,0.04491,5880.0,0
HATS-11 b,16.92559,270.1555,0.04614,6060.0,0
HATS-12 b,15.13215,756.4354,0.04795,6408.0,0
HATS-13 b,13.585308,172.58169,0.04057,5523.0,0
HATS-13 b,13.585308,188.15536,0.04059,5523.0,0
HATS-14 b,11.646151,340.39593,0.03815,5346.0,0
HATS-14 b,11.646151,339.76027,0.03815,5346.0,0
HATS-15 b,12.385945,689.6911,0.02712,5311.0,0
HATS-16 b,14.5717,1039.3041,0.03744,5738.0,0
HATS-17 b,8.709393,425.25654,0.1308,5846.0,0
HATS-18 b,14.986433,629.3034,0.01761,5600.0,0
HATS-18 b,14.896761,629.144485,0.0174,5600.0,0
HATS-2 b,13.092112,486.2799,0.02298,5227.0,0
HATS-2 b,13.092,427.463,0.023,5227.0,0
HATS-22 b,10.682177,870.8542,0.05025,4803.0,0
HATS-23 b,20.84874,467.2101,0.03397,5780.0,0
HATS-24 b,15.636555,718.2958,0.0238,6125.0,0
HATS-24 b,16.667783,775.5052,0.02547,6346.0,0
HATS-25 b,14.12334,194.82979,0.05163,5715.0,0
HATS-26 b,19.61575,206.5895,0.04735,6071.0,0
HATS-27 b,16.8135,168.4499,0.0611,6438.0,0
HATS-28 b,13.383546,213.58176,0.04131,5498.0,0
HATS-29 b,14.022459,207.54299,0.05475,5670.0,0
HATS-3 b,15.48,340.382,0.0485,6351.0,0
HATS-3 b,15.479629,340.39593,0.0485,6351.0,0
HATS-3 b,15.479629,349.613,0.04852,6351.0,0
HATS-30 b,13.170575,224.38798,0.04354,5943.0,0
HATS-31 b,18.38276,279.6904,0.0478,6050.0,0
HATS-32 b,14.000041,292.4036,0.04024,5700.0,0
HATS-33 b,13.78707,378.85336,0.03727,5659.0,0
HATS-34 b,16.02887,299.07803,0.03166,5380.0,0
HATS-35 b,16.409976,388.38826,0.03199,6300.0,0
HATS-36 b,13.843115,1022.14128,0.05425,6149.0,0
HATS-37 A b,6.792654,31.46517,0.04913,5326.0,0
HATS-38 b,6.882326,23.51942,0.05036,5732.0,0
HATS-39 b,17.59813,200.2329,0.06007,6572.0,0
HATS-4 b,11.43318,416.03947,0.03623,5403.0,0
HATS-4 b,11.433,420.471,0.0362,5403.0,0
HATS-40 b,17.71022,505.3497,0.04997,6460.0,0
HATS-41 b,14.90797,3082.951,0.0583,6424.0,0
HATS-42 b,15.6926,597.5204,0.03689,6060.0,0
HATS-43 b,13.22662,82.95363,0.04944,5099.0,0
HATS-44 b,11.960003,177.9848,0.03649,5080.0,0
HATS-45 b,14.414774,222.481,0.05511,6450.0,0
HATS-46 b,10.121727,54.98459,0.05367,5495.0,0
HATS-47 b,12.520453,117.27927,0.04269,4512.0,0
HATS-48 A b,8.9672,77.23269,0.03769,4546.0,0
HATS-49 b,8.574885,112.19399,0.04515,4405.0,0
HATS-5 b,10.223,75.323,0.0542,5304.0,0
HATS-5 b,10.222608,75.64354,0.05428,5304.0,0
HATS-50 b,12.66617,123.9537,0.05046,5990.0,0
HATS-51 b,15.80469,244.09344,0.04639,5758.0,0
HATS-52 b,15.490838,711.9392,0.02498,6010.0,0
HATS-53 b,15.02006,189.10885,0.04753,5644.0,0
HATS-54 b,11.37711541,239.32479047,0.037,5621.0,0
HATS-54 b,11.960003,241.5508,0.03763,5702.0,0
HATS-55 b,14.022459,292.72143,0.05412,6214.0,0
HATS-56 b,18.920792,191.33366,0.06043,6536.0,0
HATS-57 b,12.767051,1000.21101,0.03493,5587.0,0
HATS-58 A b,12.273855,327.3649,0.05798,7175.0,0
HATS-59 b,12.621334,256.17098,0.06112,5670.0,0
HATS-6 b,11.186582,101.38777,0.03623,3724.0,0
HATS-60 b,12.923977,210.40346,0.04708,5688.0,0
HATS-61 b,13.394755,1080.622,0.07908,5542.0,0
HATS-62 b,11.825495,56.89157,0.04163,5416.0,0
HATS-63 b,13.529263,305.1168,0.04026,5627.0,0
HATS-64 b,18.819911,305.1168,0.06562,6554.0,0
HATS-65 b,16.824709,260.93843,0.04497,6277.0,0
HATS-66 b,15.815899,1694.0339,0.04714,6626.0,0
HATS-67 b,18.887165,460.8535,0.03032,6594.0,0
HATS-68 b,13.809488,410.0007,0.05071,6147.0,0
HATS-69 b,10.592505,183.38791,0.03211,5137.0,0
HATS-7 b,6.310667,39.09309,0.04012,4985.0,0
HATS-7 b,6.310667,38.1396,0.04012,4985.0,0
HATS-70 b,15.513256,4100.007,0.03632,7930.0,0
HATS-71 b,11.478016,117.5971,0.03745,3405.0,0
HATS-72 b,8.0973816,39.855882,0.066517,4656.1,0
HATS-74 A b,11.56766808,464.02947422,0.02384,3776.9,0
HATS-75 b,9.90873894,156.05374784,0.032742,3790.4,0
HATS-76 b,12.09449018,835.570882,0.02658,4016.0,0
HATS-77 b,13.05846252,436.69623122,0.03607,4071.0,0
HATS-8 b,9.785457,43.86054,0.04667,5679.0,0
HATS-8 b,9.785457,46.08535,0.04668,5679.0,0
HATS-9 b,11.937585,266.02371,0.03048,5366.0,0
HATS-9 b,11.937585,261.57409,0.03048,5366.0,0
HD 100546 b,77.3421,2701.5414595,53.0,10500.0,0
HD 106315 b,2.44,12.6,0.0907,6327.0,0
HD 106315 c,4.35,15.2,0.1536,6327.0,0
HD 110067 b,2.2,5.69,0.0793,5266.0,0
HD 110067 c,2.388,6.3,0.1039,5266.0,0
HD 110067 d,2.852,8.52,0.1362,5266.0,0
HD 110067 e,1.94,3.9,0.1785,5266.0,0
HD 110067 f,2.601,5.04,0.2163,5266.0,0
HD 110067 g,2.607,8.4,0.2621,5266.0,0
HD 110113 b,2.05,4.55,0.035,5732.0,0
HD 114082 b,11.2089807,2542.627256,0.5109,6651.0,0
HD 118203 b,12.55405838,693.50158407,0.0701,5788.0,0
HD 118203 b,12.06086323,725.28442477,0.08635,5872.0,0
HD 118203 b,12.778238,680.15279098,0.0713,5742.0,0
HD 118203 b,12.73340208,688.41632956,0.07071,5683.0,0
HD 135344 A b,16.25302201,3178.28407,16.5,9540.0,0
HD 135694 b,2.5320132,6.1,0.12,5698.0,0
HD 135694 b,2.51,5.7,0.12,5710.0,0
HD 136352 b,1.664,4.72,0.0964,5664.0,0
HD 136352 b,1.482,4.62,0.0969,5850.0,0
HD 136352 c,2.608,11.29,0.1729,5850.0,0
HD 136352 c,2.916,11.24,0.1721,5664.0,0
HD 136352 d,2.562,8.82,0.425,5664.0,0
HD 137496 b,1.31,4.04,0.02732,5799.0,0
HD 1397 b,11.466807,116.64361,0.1003,5474.0,0
HD 1397 b,11.500434,131.89945,0.1097,5521.0,0
HD 149026 b,9.090499,102.34126,0.04364,6160.0,0
HD 149026 b,8.127,114.8,0.042,6147.0,0
HD 149026 b,6.83749,113.14748,0.04288,6147.0,0
HD 149026 b,7.330686,114.10097,0.04313,6160.0,0
HD 152843 b,3.41,11.56,0.1053,6310.0,0
HD 15337 b,1.699,7.2,0.05245,5131.0,0
HD 15337 b,1.64,7.51,0.0522,5125.0,0
HD 15337 c,2.522,8.79,0.1235,5131.0,0
HD 15337 c,2.39,8.11,0.1268,5125.0,0
HD 17156 b,12.184183,1028.18005,0.16278,6079.0,0
HD 17156 b,11.43,1023.37,0.1614,6100.0,0
HD 17156 b,11.937585,1036.76146,0.1637,6079.0,0
HD 183579 b,3.55,19.7,0.1334,5788.0,0
HD 183579 b,3.53,11.2,0.13,5706.0,0
HD 183579 b,3.49,20.4,0.1322,5784.0,0
HD 18599 b,2.7,25.5,0.05,5083.0,0
HD 18599 b,2.6,24.1,0.048,5145.0,0
HD 189733 b,12.756,363.582,0.03099,5040.0,0
HD 189733 b,12.901559,365.5045,0.03142,5050.0,0
HD 189733 b,12.542871,370.58978,0.03106,5050.0,0
HD 189733 b,14.12,365.49,0.0313,5050.0,0
HD 189733 b,12.755842,356.92309,0.031,5040.0,0
HD 191939 b,3.39512346,9.6,0.079,5385.0,0
HD 191939 b,3.39,10.4,0.078,5348.0,0
HD 191939 b,3.41,10.0,0.0804,5348.0,0
HD 191939 c,3.195,8.0,0.1752,5348.0,0
HD 191939 c,3.08,7.2,0.17,5348.0,0
HD 191939 c,3.1823776,6.1,0.171,5385.0,0
HD 191939 d,3.1168896,2.2,0.209,5385.0,0
HD 191939 d,2.995,2.8,0.2132,5348.0,0
HD 191939 d,3.04,5.8,0.207,5348.0,0
HD 202772 A b,17.317905,323.23311,0.05208,6272.0,0
HD 20329 b,1.72,7.42,0.018,5596.0,0
HD 207496 b,2.25,6.1,0.0629,4819.0,0
HD 207897 b,2.501,14.4,0.1163,5070.0,0
HD 207897 b,2.34302132,14.8,0.117,5106.0,0
HD 209458 b,15.233031,216.76006,0.04707,6065.0,0
HD 209458 b,15.80469,235.1942,0.049,6071.0,0
HD 209458 b,14.24,200.22,0.0467,6000.0,0
HD 209458 b,15.46842,226.93062,0.04747,6117.0,0
HD 209458 b,15.233,217.704,0.04707,6065.0,0
HD 209458 b,15.92,197.05,0.046,6025.0,0
HD 213885 b,1.745,8.83,0.02012,5978.0,0
HD 21520 b,2.697,17.7,0.1726,5871.0,0
HD 21749 c,0.892,3.7,0.0695,4640.0,0
HD 219134 b,1.606,4.3361199,0.0382,4699.0,0
HD 219134 b,1.602,4.74,0.03876,4699.0,0
HD 219134 c,1.511,4.36,0.0653,4699.0,0
HD 219134 d,1.61,16.17,0.237,4699.0,0
HD 219134 f,1.31,7.3,0.1463,4699.0,0
HD 219666 b,4.71,16.6,0.06356,5527.0,0
HD 221416 b,9.17,60.5,0.1228,5080.0,0
HD 22946 d,2.607,26.57,0.2958,6169.0,0
HD 23472 b,2.0,8.32,0.1162,4684.0,0
HD 23472 c,1.87,3.41,0.1646,4684.0,0
HD 23472 d,0.75,0.55,0.04298,4684.0,0
HD 23472 e,0.818,0.72,0.068,4684.0,0
HD 23472 f,1.137,0.77,0.0906,4684.0,0
HD 235088 b,2.07506422,4.2,0.071,5087.0,0
HD 235088 b,1.982,4.15,0.0706,5075.0,0
HD 25463 b,2.62,8.5,0.076,6220.0,0
HD 25463 b,2.54535814,8.7,0.076,6353.0,0
HD 25463 c,1.36354953,4.3,0.0443,6353.0,0
HD 25463 c,1.5,4.1,0.0435,6220.0,0
HD 260655 b,1.24,2.14,0.02933,3803.0,0
HD 260655 c,1.533,3.09,0.04749,3803.0,0
HD 2685 b,16.14096,371.8611,0.0568,6801.0,0
HD 28109 b,2.199,18.496,0.1357,6120.0,0
HD 28109 c,4.23,7.943,0.308,6120.0,0
HD 28109 d,3.25,5.681,0.411,6120.0,0
HD 3167 b,1.7,5.02,0.01815,5261.0,0
HD 3167 b,1.67,4.97,0.01796,5261.0,0
HD 3167 b,1.627,4.73,0.01802,5300.0,0
HD 3167 b,1.574,5.69,0.01752,5286.0,0
HD 3167 c,3.0,11.13,0.1776,5261.0,0
HD 3167 c,2.923,10.67,0.1783,5300.0,0
HD 3167 c,2.74,8.33,0.1806,5286.0,0
HD 3167 c,3.01,9.8,0.1795,5261.0,0
HD 332231 b,9.07303305,74.1,0.145,6128.0,0
HD 332231 b,9.718203,77.55052,0.1436,6089.0,0
HD 35843 c,2.54,11.32,0.25,5666.0,0
HD 42813 b,3.41,9.1,0.111,5289.0,0
HD 42813 b,3.36,5.8,0.109,5240.0,0
HD 42813 b,3.42633318,5.9,0.11,5323.0,0
HD 42813 b,3.48,9.6,0.107,5289.0,0
HD 5278 b,2.45,7.8,0.1202,6203.0,0
HD 6061 b,2.42763557,10.0,0.06,5934.0,0
HD 6061 b,2.45,10.8,0.059,5920.0,0
HD 63433 b,2.16351593,37.3,0.072,5634.0,0
HD 63433 c,2.58229101,17.2,0.146,5634.0,0
HD 63454 b,12.31,126.0,0.0368,4840.0,0
HD 63935 b,2.91575244,10.5,0.083,5513.0,0
HD 63935 c,3.06451296,11.1,0.148,5513.0,0
HD 73344 b,2.884,10.48,0.131,6252.6,0
HD 73583 b,2.79,10.2,0.0604,4511.0,0
HD 73583 b,2.84,15.9,0.05995,4582.0,0
HD 73583 c,2.39,9.7,0.1242,4511.0,0
HD 73583 c,2.73,22.5,0.1233,4582.0,0
HD 77946 b,2.705,8.38,0.072,6046.0,0
HD 77946 b,2.89646124,10.9,0.073,6007.0,0
HD 80606 b,11.242627,1308.18828,0.4565,5574.0,0
HD 80606 b,11.242627,1307.55262,0.4564,5574.0,0
HD 80653 b,1.613,5.72,0.01661,5959.0,0
HD 86226 c,2.16,7.25,0.049,5863.0,0
HD 88986 b,2.49,17.2,0.58,5861.0,0
HD 89345 b,7.39794,34.9613,0.1066,5576.0,0
HD 89345 b,7.263432,38.45743,0.1115,5622.0,0
HD 89345 b,6.86,35.7,0.105,5499.0,0
HD 93963 A b,1.35,7.8,0.02085,5987.0,0
HD 93963 A b,1.46954368,2.8,0.02061,5908.0,0
HD 93963 A c,3.228,19.2,0.04813,5987.0,0
HD 93963 A c,3.11976057,18.4,0.04726,5908.0,0
HD 95338 b,3.89,42.44,0.262,5212.0,0
HD 97658 b,2.247,7.55,0.08,5170.0,0
HD 97658 b,2.341,7.86,0.0796,5119.0,0
HIP 116454 b,2.53,10.1,0.07765,5089.0,0
HIP 116454 b,2.53,11.82,0.0906,5089.0,0
HIP 116454 b,2.469,9.7,0.0792,5048.0,0
HIP 29442 c,1.551,4.5,0.04518,5289.0,0
HIP 29442 c,1.58,4.5,0.0436,5289.0,0
HIP 29442 d,1.37,5.1,0.0649,5289.0,0
HIP 29442 d,1.538,5.14,0.0673,5289.0,0
HIP 65 A b,22.75427,1021.18779,0.01782,4590.0,0
HIP 65426 b,16.8135,2860.47,92.0,8840.0,0
HIP 8152 b,2.56,7.8,0.092,5530.0,0
HIP 8152 b,2.53625843,8.9,0.093,5618.0,0
HIP 8152 c,2.52442508,10.7,0.139,5618.0,0
HIP 8152 c,2.48,9.4,0.138,5530.0,0
HIP 94235 b,3.0,379.0,0.0787,5991.0,0
HIP 9618 b,3.82838127,8.3,0.145,5649.0,0
HIP 9618 b,3.75,8.4,0.144,5550.0,0
HIP 9618 b,3.9,10.0,0.1438,5609.0,0
HIP 9618 c,3.34,7.9,0.268,5550.0,0
HIP 9618 c,3.343,18.3,0.2669,5609.0,0
HIP 9618 c,3.42855926,7.0,0.269,5649.0,0
HIP 97166 b,2.74,20.0,0.089,5198.0,0
HIP 97166 b,2.4801338,19.1,0.091,5216.0,0
HR 858 b,2.004,3.55,0.04888,6354.0,0
HR 858 c,1.979,3.8,0.0687,6354.0,0
HR 858 d,2.001,7.1,0.1046,6354.0,0
HR 8799 e,13.11453,3178.3,16.4,7400.0,0
K2-100 b,3.88,21.8,0.0301,5945.0,0
K2-105 b,3.59,30.0,0.081,5434.0,0
K2-107 b,16.14096,266.9772,0.048,6030.0,0
K2-108 b,5.28,59.4,0.0573,5474.0,0
K2-110 b,2.592,15.9,0.10207,5010.0,0
K2-110 b,2.592,16.7,0.1021,5010.0,0
K2-111 b,1.82,5.58,0.0565,5775.0,0
K2-111 b,1.82,5.29,0.057,5775.0,0
K2-111 b,1.9,8.6,0.0621,5730.0,0
K2-113 b,10.42437,410.0007,0.0558,5627.0,0
K2-114 b,10.59248676,638.83509807,0.0944,4899.0,0
K2-114 b,10.558878,587.9855,0.09309,5027.0,0
K2-114 b,10.44677001,638.83509807,0.0943,4920.0,0
K2-115 b,12.498035,266.9772,0.1367,5560.0,0
K2-115 b,11.80305668,321.00669107,0.1415,5870.0,0
K2-12 b,2.44,5.2,0.0792,5672.0,0
K2-131 b,1.69,7.9,0.00936,5120.0,0
K2-132 b,12.206601,157.32585,0.0916,4878.0,0
K2-136 b,1.014,4.3,0.0707,4500.0,0
K2-136 c,3.0,18.1,0.1185,4500.0,0
K2-136 d,1.565,3.0,0.1538,4500.0,0
K2-137 b,0.89,158.915,0.0058,3492.0,0
K2-138 b,1.51,3.1,0.03385,5356.3,0
K2-138 c,2.299,6.31,0.04461,5356.3,0
K2-138 d,2.39,7.92,0.05893,5356.3,0
K2-138 e,3.39,12.97,0.0782,5356.3,0
K2-138 f,2.904,1.63,0.10447,5356.3,0
K2-138 g,3.013,4.32,0.23109,5356.3,0
K2-139 b,9.056872,123.00021,0.179,5340.0,0
K2-140 b,12.273855,323.86877,0.0591,5654.0,0
K2-140 b,13.56286665,295.58041851,0.068,5585.0,0
K2-141 b,1.54,5.31,0.00716,4373.0,0
K2-141 b,1.51,4.97,0.00747,4570.0,0
K2-141 c,7.0,8.0,0.0683,4570.0,0
K2-146 b,2.25,5.6,0.0248,3385.0,0
K2-146 c,2.59,7.1,0.0327,3385.0,0
K2-157 b,0.935,1.14,0.00962,5334.0,0
K2-167 b,2.3,6.5,0.091,6011.0,0
K2-18 b,2.37,8.92,0.1429,3457.0,0
K2-18 b,2.38,7.96,0.143,3457.0,0
K2-18 b,2.61,8.63,0.1591,3457.0,0
K2-180 b,2.46597575,11.41003981,0.0756,5365.0,0
K2-180 b,2.24179614,11.44182265,0.075,5110.0,0
K2-182 b,2.69,20.0,0.0526,5170.0,0
K2-182 b,2.71257333,20.97667486,0.05174,5128.0,0
K2-19 b,7.46,44.0,0.0762,5390.0,0
K2-19 c,4.51,15.9,0.1001,5390.0,0
K2-199 b,1.73,6.9,0.0382,4491.0,0
K2-199 c,2.85,12.4,0.0662,4491.0,0
K2-216 b,1.75,8.0,0.028,4503.0,0
K2-22 b,2.5,444.962,0.0088,3830.0,0
K2-222 b,2.35,8.7,0.1206,5942.0,0
K2-229 b,1.164,2.59,0.012888,5185.0,0
K2-229 c,2.12,21.3,0.07577,5185.0,0
K2-232 b,11.209,126.49634,0.10356,6154.0,0
K2-232 b,11.859122,123.00021,0.0991,5888.0,0
K2-233 b,1.343,11.26,0.03308,5033.0,0
K2-233 c,1.281,12.81,0.06666,5033.0,0
K2-233 d,2.358,21.14,0.15224,5033.0,0
K2-237 b,18.49485,508.528,0.037,6257.0,0
K2-237 b,16.06246934,434.15360396,0.03552,6180.0,0
K2-237 b,18.405178,392.83788,0.0353,6099.0,0
K2-237 b,16.19697711,433.20011874,0.03558,6360.0,0
K2-238 b,14.5717,273.3338,0.046,5630.0,0
K2-24 b,5.68,21.0,0.154,5743.0,0
K2-24 c,7.82,27.0,0.247,5743.0,0
K2-25 b,3.44,24.5,0.0287,3207.0,0
K2-260 b,18.41635529,546.66486004,0.04392,6860.0,0
K2-260 b,17.396368,451.3186,0.0404,6367.0,0
K2-261 b,9.50521563,67.69745069,0.1087,5503.0,0
K2-261 b,9.52765,70.87609,0.102,5537.0,0
K2-261 b,9.26982704,68.96876432,0.1086,5490.0,0
K2-261 b,9.52763359,59.75174052,0.1034,5445.0,0
K2-263 b,2.41,14.8,0.2573,5368.0,0
K2-263 b,2.41,14.9,0.2573,5368.0,0
K2-265 b,1.70824866,7.3418362,0.03359,5420.0,0
K2-265 b,1.71,6.54,0.03376,5477.0,0
K2-266 b,3.3,11.26782377,0.01306,4285.0,0
K2-266 c,0.705,0.29013072,0.0679,4285.0,0
K2-266 d,2.93,8.9,0.1035,4285.0,0
K2-266 e,2.73,14.3,0.1249,4285.0,0
K2-27 b,4.48,30.9,0.06702,5248.0,0
K2-280 b,7.5,37.1,0.1461,5500.0,0
K2-285 b,2.59,9.68,0.03817,4975.0,0
K2-285 c,3.53,15.68,0.0824,4975.0,0
K2-285 d,2.48,6.5,0.1178,4975.0,0
K2-285 e,1.95,10.7,0.18041,4975.0,0
K2-287 b,9.494023,100.11645,0.1206,5695.0,0
K2-29 b,13.33871,232.0159,0.04217,5358.0,0
K2-29 b,11.209,194.82979,0.04097,5222.0,0
K2-290 b,3.06,10.9,0.0923,6302.0,0
K2-290 c,11.276254,246.00042,0.305,6302.0,0
K2-291 b,1.589,6.49,0.03261,5520.0,0
K2-292 b,2.63,24.5,0.13,5725.0,0
K2-295 b,10.054473,106.47305,0.0451,4444.0,0
K2-3 b,2.078,5.11,0.0747,3844.0,0
K2-3 b,2.25,6.47,0.0778,3835.0,0
K2-3 b,2.29,6.6,0.0777,3835.0,0
K2-3 c,1.77,3.1,0.1413,3835.0,0
K2-3 c,1.582,2.68,0.1357,3844.0,0
K2-3 c,1.69,3.3,0.1414,3835.0,0
K2-3 d,1.62,1.6,0.2097,3835.0,0
K2-3 d,1.458,2.2,0.2014,3844.0,0
K2-3 d,1.65,1.8,0.2097,3835.0,0
K2-30 b,11.982421,187.20187,0.0419,5575.0,0
K2-30 b,13.405964,198.00809,0.04986,5581.0,0
K2-30 b,11.646151,184.02357,0.04839,5425.0,0
K2-31 b,11.88154,563.83042,0.022,5280.0,0
K2-32 b,5.299,15.0,0.0795,5271.0,0
K2-32 b,5.13,16.5,0.08036,5275.0,0
K2-32 c,3.01,12.1,0.1399,5275.0,0
K2-32 c,3.134,8.1,0.13843,5271.0,0
K2-32 d,3.43,10.3,0.1862,5275.0,0
K2-32 d,3.484,6.7,0.18422,5271.0,0
K2-32 e,1.212,2.1,0.04899,5271.0,0
K2-329 b,8.675766,82.6358,0.1016,5282.0,0
K2-33 b,5.76,1144.188,0.0409,3410.0,0
K2-34 b,15.434793,539.67534,0.0465,6149.0,0
K2-34 b,16.14096,563.51259,0.0445,6087.0,0
K2-34 b,15.13215,559.3808,0.04419,6132.0,0
K2-36 b,1.43,4.3,0.02288,4916.0,0
K2-36 b,1.43,3.9,0.0223,4916.0,0
K2-36 c,3.2,7.8,0.054,4916.0,0
K2-36 c,3.2,7.9,0.05528,4916.0,0
K2-38 b,1.54,7.3,0.04994,5731.0,0
K2-38 b,1.55,12.0,0.0506,5757.0,0
K2-38 b,1.655,7.7,0.0503,5705.0,0
K2-38 c,2.29,8.3,0.09514,5731.0,0
K2-38 c,2.42,9.9,0.0964,5757.0,0
K2-38 c,2.49,7.4,0.0959,5705.0,0
K2-39 b,5.71,39.8,0.0574,4912.0,0
K2-39 b,8.2,50.3,0.062,4881.0,0
K2-415 b,1.015,7.5,0.027,3173.0,0
K2-416 b,2.66,1652.7077164,0.088,3746.0,0
K2-417 b,3.31,699.2224954,0.063,3861.0,0
K2-419 A b,10.55,196.0,0.1208,3711.0,0
K2-60 b,7.655747,135.39558,0.045,5500.0,0
K2-66 b,2.49,21.3,0.05983,5887.0,0
K2-79 b,4.09,9.2,0.0988,5897.0,0
K2-97 b,13.45077684,174.48779544,0.0854,4673.0,0
K2-98 b,4.3,32.2,0.0943,6120.0,0
K2-98 b,5.06645928,34.00763955,0.0986,6260.0,0
K2-99 b,14.45961,308.2951,0.159,5990.0,0
K2-99 b,11.88151954,276.51071409,0.153,6069.0,0
KELT-1 b,12.442,8654.15,0.02466,6516.0,0
KELT-10 b,15.681391,215.80657,0.0525,5948.0,0
KELT-11 b,15.35633,61.97685,0.06229,5370.0,0
KELT-11 b,15.13212395,65.15482343,0.0623,5375.0,0
KELT-12 b,19.95202,301.9385,0.06708,6279.0,0
KELT-14 b,17.03768,380.12468,0.02956,5802.0,0
KELT-14 b,19.537287,408.09372,0.03005,5720.0,0
KELT-15 b,16.174587,289.2253,0.04613,6003.0,0
KELT-16 b,15.860735,874.0325,0.02044,6236.0,0
KELT-17 b,17.093725,416.3573,0.04881,7454.0,0
KELT-18 b,17.59813,375.0394,0.0455,6670.0,0
KELT-19 A b,21.40919,1293.5681,0.0637,7500.0,0
KELT-2 A b,14.4147,483.717,0.05496,6151.0,0
KELT-2 A b,14.45961,485.32641,0.05497,6148.0,0
KELT-20 b,19.514869,1074.90106,0.0542,8720.0,0
KELT-20 b,20.51247,5403.11,0.057,8980.0,0
KELT-21 b,17.777474,1242.7153,0.05224,7598.0,0
KELT-23 A b,14.829507,298.12454,0.03302,5899.0,0
KELT-24 b,15.24421375,1334.8793094,0.067,6415.0,0
KELT-24 b,12.71098411,1458.83238813,0.0665,6426.0,0
KELT-24 b,14.257848,1646.3594,0.06969,6509.0,0
KELT-3 b,15.076,469.415,0.04122,6306.0,0
KELT-3 b,15.076105,469.75274,0.04123,6308.0,0
KELT-4 A b,19.044091,286.68266,0.04317,6206.0,0
KELT-6 b,13.372,136.661,0.07939,6102.0,0
KELT-6 b,13.22662,140.48086,0.0804,6272.0,0
KELT-6 b,13.22662,141.0,0.08,6272.0,0
KELT-7 b,17.183397,406.8224,0.04415,6789.0,0
KELT-8 b,20.84874,272.69814,0.0455,5754.0,0
KELT-8 b,20.84874,275.55861,0.04571,5754.0,0
KELT-9 b,21.196219,915.3504,0.03462,10170.0,0
KOI-12 b,16.02887,3178.3,0.151,6820.0,0
KOI-1257 b,10.54,460.83,0.382,5520.0,0
KOI-13 b,16.948008,2949.4624,0.03641,7650.0,0
KOI-134 b,12.03844527,346.43296363,0.363,6160.0,0
KOI-2513.01,2.80224517,7310.053361,0.5,5900.0,0
KOI-3680 b,11.09691,613.4119,0.534,5830.0,0
KOI-4777.01,0.51,99.2,0.008,3515.0,0
KOI-55 b,0.759,0.44,0.006,27730.0,0
KOI-55 c,0.867,0.655,0.0076,27730.0,0
KOI-94 b,1.71,10.5,0.05119,6182.0,0
KOI-94 c,4.32,15.6,0.1013,6182.0,0
KOI-94 d,11.27,106.0,0.1684,6182.0,0
KOI-94 e,6.56,35.0,0.3046,6182.0,0
KPS-1 b,11.54527,346.4347,0.0269,5165.0,0
Kepler-10 b,1.47,3.72,0.01685,5708.0,0
Kepler-10 b,1.47,3.24,0.01685,5708.0,0
Kepler-10 b,1.416,4.56,0.01684,5627.0,0
Kepler-10 b,1.47,3.33,0.01685,5708.0,0
Kepler-10 b,1.4807089,4.608535,0.0172,5627.0,0
Kepler-10 b,1.47,3.26,0.01685,5708.0,0
Kepler-10 b,1.46,4.6,0.01687,5643.0,0
Kepler-10 c,2.355,11.29,0.241,5708.0,0
Kepler-10 c,2.227,20.0,0.2407,5627.0,0
Kepler-10 c,2.35,13.98,0.241,5708.0,0
Kepler-10 c,2.355,11.4,0.241,5708.0,0
Kepler-101 b,5.77,51.1,0.0474,5667.0,0
Kepler-101 c,1.25,3.78,0.0684,5667.0,0
Kepler-102 b,0.46,1.1,0.05521,4909.0,0
Kepler-102 c,0.567,1.7,0.06702,4909.0,0
Kepler-102 d,1.154,3.0,0.08618,4909.0,0
Kepler-102 e,2.17,4.7,0.1162,4909.0,0
Kepler-102 f,0.861,4.3,0.1656,4909.0,0
Kepler-103 b,3.486,9.8,0.13223,6009.0,0
Kepler-103 c,5.45,38.0,0.6639,6009.0,0
Kepler-107 b,1.536,3.8,0.04544,5854.0,0
Kepler-107 b,1.536,3.51,0.04544,5854.0,0
Kepler-107 c,1.597,9.39,0.06064,5854.0,0
Kepler-107 c,1.597,10.0,0.06064,5854.0,0
Kepler-107 d,0.86,3.8,0.08377,5854.0,0
Kepler-107 d,0.86,7.7,0.08377,5854.0,0
Kepler-107 e,2.903,8.6,0.12639,5854.0,0
Kepler-107 e,2.903,14.1,0.12638,5854.0,0
Kepler-109 b,2.49,4.9,0.0701,5950.0,0
Kepler-109 c,2.65,8.2,0.1546,5950.0,0
Kepler-11 b,1.97,4.3,0.091,5680.0,0
Kepler-11 b,1.8,1.9,0.091,5663.0,0
Kepler-11 c,3.15,13.5,0.106,5680.0,0
Kepler-11 c,2.87,2.9,0.107,5663.0,0
Kepler-11 d,3.12,7.3,0.155,5663.0,0
Kepler-11 d,3.43,6.1,0.159,5680.0,0
Kepler-11 e,4.19,8.0,0.195,5663.0,0
Kepler-11 e,4.52,8.4,0.194,5680.0,0
Kepler-11 f,2.49,2.0,0.25,5663.0,0
Kepler-11 f,2.61,2.3,0.25,5680.0,0
Kepler-11 g,3.66,300.0,0.462,5680.0,0
Kepler-11 g,3.33,25.0,0.466,5663.0,0
Kepler-111 c,7.0840758,222.4798849,0.751,5914.0,0
Kepler-117 b,8.059,29.875,0.1445,6150.0,0
Kepler-117 c,12.341,584.78,0.2804,6150.0,0
Kepler-12 b,19.660586,137.30256,0.0553,5947.0,0
Kepler-12 b,18.999,136.979,0.0556,5947.0,0
Kepler-12 b,19.122554,136.6669,0.0555,5947.0,0
Kepler-12 b,18.999255,137.62039,0.05563,5950.0,0
Kepler-129 b,2.4,20.0,0.13,5770.0,0
Kepler-129 c,2.52,43.0,0.39,5770.0,0
Kepler-138 b,0.64,0.07,0.0753,3841.0,0
Kepler-138 c,1.51,2.3,0.0913,3841.0,0
Kepler-138 d,1.51,2.1,0.1288,3841.0,0
Kepler-14 b,12.621334,2440.9344,0.0771,6395.0,0
Kepler-15 b,10.76064,201.18639,0.05705,5520.0,0
Kepler-15 b,14.448401,221.20968,0.0583,5595.0,0
Kepler-15 b,10.76,209.76,0.05714,5515.0,0
Kepler-1514 b,12.419572,1678.1424,0.753,6145.0,0
Kepler-16 b,8.4493,105.833,0.7048,4450.0,0
Kepler-1647 b,11.8739,483.0,2.7205,6210.0,0
Kepler-1654 b,9.180171,158.915,2.026,5597.0,0
Kepler-1655 b,2.213,5.4,0.1029,6148.0,0
Kepler-1655 b,2.213,5.0,0.103,6148.0,0
Kepler-1656 b,5.02,48.6,0.197,5731.0,0
Kepler-1658 b,11.99363,1868.8404,0.0544,6216.0,0
Kepler-1661 b,3.87,17.0,0.633,5100.0,0
Kepler-167 e,10.16,321.00669107,1.883,4884.0,0
Kepler-17 b,14.68,778.65,0.02591,5781.0,0
Kepler-17 b,14.68379,743.7222,0.02605,5781.0,0
Kepler-17 b,14.90797,785.0401,0.0268,5781.0,0
Kepler-1704 b,11.94877343,1322.16617312,2.027,5746.0,0
Kepler-1708 b,9.96,1462.0106722,1.64,6157.0,0
